﻿[
  {
    "outputFileName": "js/app.min.js",
    "inputFiles": [
      "Scripts/App/common/dataService.js",
      "Scripts/App/common/Utility.js",
      "Scripts/App/menu/menu.js",
      "Scripts/App/Filter/filter.js",
      "Scripts/App/alerts/alerts.js",
      "Scripts/App/notifications/notifications.js",
      "Scripts/App/baglist/bagList.js",
      "Scripts/App/common/dataTableHelper.js",
      "Scripts/App/common/editForm.js",
      "Scripts/App/common/tabHelper.js",
      "Scripts/App/favourites/Favourites.js",
      "Scripts/App/embedLink/embedlink.js",
      "Scripts/App/notes/notes.js",
      "Scripts/App/report/reportConfig.js",
      "Scripts/App/report/reportFilters.js",
      "Scripts/App/Search/search.js",
      "Scripts/App/Share/share.js",
      "Scripts/App/app.js",
      "Scripts/App/dashboard/dashboardCtrl.js",
      "Scripts/App/userProfile/userProfile.js",
      "Scripts/App/favourites/favouritesCtrl.js",
      "Scripts/App/alerts/alertCtrl.js",
      "Scripts/App/notifications/notificationCtrl.js",
      "Scripts/App/Filter/filterCtrl.js",
      "Scripts/App/assignhomepage/Assignhomepage.js",
      "Scripts/App/baglist/bagListCtrl.js",
      "Scripts/App/barcodescan/barcodescan.js",
      "Scripts/App/barcodescan/barcodescanCtrl.js"
    ]
  },
  {
    "outputFileName": "js/pbi.min.js",
    "inputFiles": [
      "Scripts/plugins/core-js-3.1.4.js",
      "Scripts/plugins/getUserMedia.js",
      "Scripts/vendor/powerbi/powerbi.min.js",
      "Scripts/vendor/powerbi/powerBIApp.js",
      "Scripts/vendor/quagga/adapter-latest.js",
      "Scripts/vendor/quagga/quagga.min.js"
    ]
  },
  {
    "outputFileName": "js/vendor.min.js",
    "inputFiles": [
      "Scripts/vendor/jquery-3.3.1.min.js",
      "Scripts/vendor/jquery-ui.min.js",
      "Scripts/vendor/bootstrap.min.js",
      "Scripts/plugins/jquery.fullscreen-min.js",
      "Scripts/plugins/jquery.validate.min.js",
      "Scripts/plugins/jquery.validate.unobtrusive.min.js",
      "Scripts/plugins/lodash.min.js",
      "Scripts/plugins/jquery.dataTables.min.js",
      "Scripts/plugins/moment.min.js",
      "Scripts/plugins/momenttimezone.min.js",
      "Scripts/plugins/jquery.unobtrusive-ajax.min.js",
      "Scripts/plugins/daterangepicker.js",
      "Scripts/plugins/bootstrap-multiselect.js",
      "Scripts/plugins/ion.rangeSlider.min.js",
      "Scripts/plugins/comboBox.js",
      "Scripts/plugins/jquery.scrollbar.min.js",
      "Scripts/plugins/script.js"
    ]
  },
  {
    "outputFileName": "pdf-js/pdfjs.min.js",
    "inputFiles": [
      "Scripts/pdf-js/pdf.js",
      "Scripts/pdf-js/pdfview.js",
      "Scripts/pdf-js/viewer.js"
    ]
  },
  {
    "outputFileName": "css/ks.min.css",
    "inputFiles": [
      "Content/bootstrap.min.css",
      "Content/jquery-ui.min.css",
      "Content/bootstrap-theme.min.css",
      "Content/jquery.dataTables.min.css",
      "Content/daterangepicker.css",
      "Content/ion.rangeSlider.css",
      "Content/bootstrap-multiselect.css",
      "Content/jquery.scrollbar.css",
      "Content/barcodescan.css",
      "Content/baglist.css",
      "Content/custome.css",
      "Content/viewer.css",
      "Content/style.css"
    ]
  }
]