<?xml version="1.0" encoding="utf-8"?>
<!-- Generated by JetBrains ReSharper Ultimate 2017.2.2  -->
<Report ToolsVersion="109.0.20171006.122324">
  <Information>
    <Solution>Heathrow.BIPM.Kestrel.sln</Solution>
    <InspectionScope>
      <Element>Solution</Element>
    </InspectionScope>
  </Information>
  <IssueTypes>
    <IssueType Id="CSharpErrors" Category="C# Compiler Errors" CategoryId="CSharpErrors" Description="" Severity="ERROR" />
    <IssueType Id="CssErrors" Category="Css Errors" CategoryId="CssErrors" Description="" Severity="ERROR" />
    <IssueType Id="CssNotResolved" Category="Potential Code Quality Issues" CategoryId="CodeSmell" Description="Unknown CSS symbol" Severity="ERROR" />
    <IssueType Id="Html.TagNotClosed" Category="Potential Code Quality Issues" CategoryId="CodeSmell" Description="Not closed tag" Severity="ERROR" />
    <IssueType Id="HtmlErrors" Category="HTML Errors" CategoryId="HtmlErrors" Description="" Severity="ERROR" />
    <IssueType Id="InvalidValue" Category="Potential Code Quality Issues" CategoryId="CodeSmell" Description="Invalid value" Severity="ERROR" />
    <IssueType Id="Mvc.ActionNotResolved" Category="Potential Code Quality Issues" CategoryId="CodeSmell" SubCategory="MVC" Description="MVC: Unknown action" Severity="ERROR" />
    <IssueType Id="Mvc.ControllerNotResolved" Category="Potential Code Quality Issues" CategoryId="CodeSmell" SubCategory="MVC" Description="MVC: Unknown controller" Severity="ERROR" />
    <IssueType Id="Mvc.PartialViewNotResolved" Category="Potential Code Quality Issues" CategoryId="CodeSmell" SubCategory="MVC" Description="MVC: Unknown partial view" Severity="ERROR" />
    <IssueType Id="UnexpectedValue" Category="Potential Code Quality Issues" CategoryId="CodeSmell" Description="Value is unexpected" Severity="ERROR" />
  </IssueTypes>
  <Issues>
    <Project Name="Heathrow.BIPM.DataAccess">
      <Issue TypeId="CSharpErrors" File="Heathrow.BIPM.DataAccess\Repository\AlertsRepository.cs" Offset="19513-19523" Line="457" Message="Cannot resolve symbol 'HtmlEncode'" />
      <Issue TypeId="CSharpErrors" File="Heathrow.BIPM.DataAccess\Repository\AlertsRepository.cs" Offset="19626-19636" Line="458" Message="Cannot resolve symbol 'HtmlEncode'" />
      <Issue TypeId="CSharpErrors" File="Heathrow.BIPM.DataAccess\Repository\AlertsRepository.cs" Offset="20886-20896" Line="477" Message="Cannot resolve symbol 'HtmlEncode'" />
      <Issue TypeId="CSharpErrors" File="Heathrow.BIPM.DataAccess\Repository\NotificationRepository.cs" Offset="3760-3770" Line="94" Message="Cannot resolve symbol 'HtmlEncode'" />
      <Issue TypeId="CSharpErrors" File="Heathrow.BIPM.DataAccess\Repository\NotificationRepository.cs" Offset="3869-3879" Line="95" Message="Cannot resolve symbol 'HtmlEncode'" />
    </Project>
    <Project Name="Heathrow.BIPM.Web">
      <Issue TypeId="CssErrors" File="Heathrow.BIPM.Web\Content\style.css" Offset="10773-10775" Line="639" Message="Selector expected" />
      <Issue TypeId="CssErrors" File="Heathrow.BIPM.Web\Content\style.css" Offset="10774-10785" Line="640" Message="Unexpected token" />
      <Issue TypeId="InvalidValue" File="Heathrow.BIPM.Web\Content\style.css" Offset="11248-11252" Line="661" Message="(CSS 1.0+) Expected one of: &lt;length&gt;, &lt;percentage&gt;, initial, inherit, unset, revert.&#xD;&#xA;(CSS 3.0+) Expected one of: &lt;length&gt;, &lt;percentage&gt;, auto, initial, inherit, unset, revert." />
      <Issue TypeId="InvalidValue" File="Heathrow.BIPM.Web\Content\style.css" Offset="19650-19652" Line="1165" Message="(CSS 1.0+) Expected one of: &lt;length&gt;, &lt;percentage&gt;, initial, inherit, unset, revert.&#xD;&#xA;(CSS 3.0+) Expected one of: &lt;length&gt;, &lt;percentage&gt;, fill, auto, initial, inherit, unset, revert." />
      <Issue TypeId="CssErrors" File="Heathrow.BIPM.Web\Content\style.css" Offset="28887-28889" Line="1720" Message="Selector expected" />
      <Issue TypeId="CssErrors" File="Heathrow.BIPM.Web\Content\style.css" Offset="34372-34374" Line="2044" Message="Selector expected" />
      <Issue TypeId="UnexpectedValue" File="Heathrow.BIPM.Web\Content\style.css" Offset="34706-34711" Line="2066" Message="Unexpected value." />
      <Issue TypeId="CssErrors" File="Heathrow.BIPM.Web\Content\style.css" Offset="58485-58486" Line="3705" Message="Unexpected token" />
      <Issue TypeId="CssErrors" File="Heathrow.BIPM.Web\Content\style.css" Offset="58489-58490" Line="3707" Message="Unexpected token" />
      <Issue TypeId="CssErrors" File="Heathrow.BIPM.Web\Content\style.css" Offset="58491-58493" Line="3708" Message="{ expected" />
      <Issue TypeId="CssErrors" File="Heathrow.BIPM.Web\Content\style.css" Offset="65321-65322" Line="4087" Message="; or } expected" />
      <Issue TypeId="CssErrors" File="Heathrow.BIPM.Web\Content\style.css" Offset="66642-66643" Line="4152" Message="Unexpected token" />
      <Issue TypeId="CssErrors" File="Heathrow.BIPM.Web\Content\style.css" Offset="66672-66674" Line="4154" Message="{ expected" />
      <Issue TypeId="InvalidValue" File="Heathrow.BIPM.Web\Content\style.css" Offset="80919-80923" Line="4898" Message="(CSS 2.0+) Expected one of: &lt;length&gt;, &lt;percentage&gt;, initial, inherit, unset, revert.&#xD;&#xA;(CSS 3.0+) Expected one of: &lt;length&gt;, &lt;percentage&gt;, available, min-content, max-content, fit-content, initial, inherit, unset, revert." />
      <Issue TypeId="CssNotResolved" File="Heathrow.BIPM.Web\Content\style.css" Offset="80933-80944" Line="4899" Message="Property 'smax-height' doesn't exist in CSS" />
      <Issue TypeId="InvalidValue" File="Heathrow.BIPM.Web\Content\style.css" Offset="85103-85106" Line="5146" Message="(CSS 1.0+) Invalid value for the property 'background': no-.&#xD;&#xA;(CSS 3.0+) Expected one of: ,, scroll, fixed, local, border-box, padding-box, content-box, &lt;bg-position&gt;, &lt;color&gt;, &lt;repeat-style&gt;, initial | inherit | unset | revert, &lt;attachment&gt;, &lt;box&gt;, &lt;'background-color'&gt;." />
      <Issue TypeId="InvalidValue" File="Heathrow.BIPM.Web\Content\style.css" Offset="85310-85313" Line="5153" Message="(CSS 1.0+) Invalid value for the property 'background': no-.&#xD;&#xA;(CSS 3.0+) Expected one of: ,, scroll, fixed, local, border-box, padding-box, content-box, &lt;bg-position&gt;, &lt;color&gt;, &lt;repeat-style&gt;, initial | inherit | unset | revert, &lt;attachment&gt;, &lt;box&gt;, &lt;'background-color'&gt;." />
      <Issue TypeId="InvalidValue" File="Heathrow.BIPM.Web\Content\style.css" Offset="85523-85526" Line="5160" Message="(CSS 1.0+) Invalid value for the property 'background': no-.&#xD;&#xA;(CSS 3.0+) Expected one of: ,, scroll, fixed, local, border-box, padding-box, content-box, &lt;bg-position&gt;, &lt;color&gt;, &lt;repeat-style&gt;, initial | inherit | unset | revert, &lt;attachment&gt;, &lt;box&gt;, &lt;'background-color'&gt;." />
      <Issue TypeId="InvalidValue" File="Heathrow.BIPM.Web\Content\style.css" Offset="85735-85738" Line="5167" Message="(CSS 1.0+) Invalid value for the property 'background': no-.&#xD;&#xA;(CSS 3.0+) Expected one of: ,, scroll, fixed, local, border-box, padding-box, content-box, &lt;bg-position&gt;, &lt;color&gt;, &lt;repeat-style&gt;, initial | inherit | unset | revert, &lt;attachment&gt;, &lt;box&gt;, &lt;'background-color'&gt;." />
      <Issue TypeId="InvalidValue" File="Heathrow.BIPM.Web\Content\style.css" Offset="85944-85947" Line="5174" Message="(CSS 1.0+) Invalid value for the property 'background': no-.&#xD;&#xA;(CSS 3.0+) Expected one of: ,, scroll, fixed, local, border-box, padding-box, content-box, &lt;bg-position&gt;, &lt;color&gt;, &lt;repeat-style&gt;, initial | inherit | unset | revert, &lt;attachment&gt;, &lt;box&gt;, &lt;'background-color'&gt;." />
      <Issue TypeId="InvalidValue" File="Heathrow.BIPM.Web\Content\style.css" Offset="86156-86159" Line="5181" Message="(CSS 1.0+) Invalid value for the property 'background': no-.&#xD;&#xA;(CSS 3.0+) Expected one of: ,, scroll, fixed, local, border-box, padding-box, content-box, &lt;bg-position&gt;, &lt;color&gt;, &lt;repeat-style&gt;, initial | inherit | unset | revert, &lt;attachment&gt;, &lt;box&gt;, &lt;'background-color'&gt;." />
      <Issue TypeId="InvalidValue" File="Heathrow.BIPM.Web\Content\style.css" Offset="86966-86969" Line="5214" Message="(CSS 1.0+) Invalid value for the property 'background': no-.&#xD;&#xA;(CSS 3.0+) Expected one of: ,, scroll, fixed, local, border-box, padding-box, content-box, &lt;bg-position&gt;, &lt;color&gt;, &lt;repeat-style&gt;, initial | inherit | unset | revert, &lt;attachment&gt;, &lt;box&gt;, &lt;'background-color'&gt;." />
      <Issue TypeId="UnexpectedValue" File="Heathrow.BIPM.Web\Content\style.css" Offset="92517-92522" Line="5488" Message="Unexpected value." />
      <Issue TypeId="UnexpectedValue" File="Heathrow.BIPM.Web\Content\style.css" Offset="92720-92725" Line="5494" Message="Unexpected value." />
      <Issue TypeId="InvalidValue" File="Heathrow.BIPM.Web\Content\style.css" Offset="100563-100567" Line="5860" Message="(CSS 2.0+) Expected one of: &lt;length&gt;, &lt;percentage&gt;, initial, inherit, unset, revert.&#xD;&#xA;(CSS 3.0+) Expected one of: &lt;length&gt;, &lt;percentage&gt;, available, min-content, max-content, fit-content, initial, inherit, unset, revert." />
      <Issue TypeId="CssErrors" File="Heathrow.BIPM.Web\Content\style.css" Offset="107707-107709" Line="6221" Message="Selector expected" />
      <Issue TypeId="CssErrors" File="Heathrow.BIPM.Web\Content\style.css" Offset="107708-107710" Line="6222" Message="} expected" />
      <Issue TypeId="CssNotResolved" File="Heathrow.BIPM.Web\Content\viewer.css" Offset="5544-5554" Line="219" Message="Property 'appearance' doesn't exist in CSS" />
      <Issue TypeId="CssNotResolved" File="Heathrow.BIPM.Web\Content\viewer.css" Offset="18133-18144" Line="822" Message="Pseudo element 'placeholder' doesn't exist in CSS" />
      <Issue TypeId="HtmlErrors" File="Heathrow.BIPM.Web\Views\Alerts\_EditAlertConfigure.cshtml" Offset="10121-10122" Line="272" Message="Unexpected token" />
      <Issue TypeId="HtmlErrors" File="Heathrow.BIPM.Web\Views\Alerts\_EditAlertConfigure.cshtml" Offset="10129-10130" Line="272" Message="Unexpected token" />
      <Issue TypeId="HtmlErrors" File="Heathrow.BIPM.Web\Views\Alerts\_EditAlertConfigure.cshtml" Offset="10659-10660" Line="282" Message="Unexpected token" />
      <Issue TypeId="HtmlErrors" File="Heathrow.BIPM.Web\Views\Alerts\_EditAlertConfigure.cshtml" Offset="10669-10670" Line="282" Message="Unexpected token" />
      <Issue TypeId="HtmlErrors" File="Heathrow.BIPM.Web\Views\Alerts\_EditAlertConfigure.cshtml" Offset="10891-10892" Line="283" Message="Unexpected token" />
      <Issue TypeId="HtmlErrors" File="Heathrow.BIPM.Web\Views\Alerts\_EditAlertConfigure.cshtml" Offset="10897-10898" Line="283" Message="Unexpected token" />
      <Issue TypeId="HtmlErrors" File="Heathrow.BIPM.Web\Views\Alerts\_EditAlertConfigure.cshtml" Offset="11091-11092" Line="284" Message="Unexpected token" />
      <Issue TypeId="HtmlErrors" File="Heathrow.BIPM.Web\Views\Alerts\_EditAlertConfigure.cshtml" Offset="11098-11099" Line="284" Message="Unexpected token" />
      <Issue TypeId="Html.TagNotClosed" File="Heathrow.BIPM.Web\Views\Alerts\_EditAlertSettings.cshtml" Offset="5670-5675" Line="164" Message="Tag 'label' not closed" />
      <Issue TypeId="HtmlErrors" File="Heathrow.BIPM.Web\Views\Alerts\_EditAlertSettings.cshtml" Offset="5679-5680" Line="164" Message="Unexpected token" />
      <Issue TypeId="HtmlErrors" File="Heathrow.BIPM.Web\Views\Alerts\_EditAlertSettings.cshtml" Offset="5689-5690" Line="164" Message="Unexpected token" />
      <Issue TypeId="Html.TagNotClosed" File="Heathrow.BIPM.Web\Views\Alerts\_EditAlertSettings.cshtml" Offset="5718-5720" Line="164" Message="Tag 'label' not closed" />
      <Issue TypeId="HtmlErrors" File="Heathrow.BIPM.Web\Views\Alerts\_EditAlertSettings.cshtml" Offset="5789-5790" Line="167" Message="Unexpected token" />
      <Issue TypeId="HtmlErrors" File="Heathrow.BIPM.Web\Views\Alerts\_EditAlertSettings.cshtml" Offset="5799-5800" Line="167" Message="Unexpected token" />
      <Issue TypeId="HtmlErrors" File="Heathrow.BIPM.Web\Views\Alerts\_EditAlertSettings.cshtml" Offset="6035-6036" Line="172" Message="Unexpected token" />
      <Issue TypeId="HtmlErrors" File="Heathrow.BIPM.Web\Views\Alerts\_EditAlertSettings.cshtml" Offset="6045-6046" Line="172" Message="Unexpected token" />
      <Issue TypeId="Html.TagNotClosed" File="Heathrow.BIPM.Web\Views\Alerts\_EditAlertSettings.cshtml" Offset="6397-6402" Line="177" Message="Tag 'label' not closed" />
      <Issue TypeId="HtmlErrors" File="Heathrow.BIPM.Web\Views\Alerts\_EditAlertSettings.cshtml" Offset="6406-6407" Line="177" Message="Unexpected token" />
      <Issue TypeId="HtmlErrors" File="Heathrow.BIPM.Web\Views\Alerts\_EditAlertSettings.cshtml" Offset="6413-6414" Line="177" Message="Unexpected token" />
      <Issue TypeId="Html.TagNotClosed" File="Heathrow.BIPM.Web\Views\Alerts\_EditAlertSettings.cshtml" Offset="6439-6441" Line="177" Message="Tag 'label' not closed" />
      <Issue TypeId="HtmlErrors" File="Heathrow.BIPM.Web\Views\Alerts\_EditAlertSettings.cshtml" Offset="6480-6481" Line="179" Message="Unexpected token" />
      <Issue TypeId="HtmlErrors" File="Heathrow.BIPM.Web\Views\Alerts\_EditAlertSettings.cshtml" Offset="6487-6488" Line="179" Message="Unexpected token" />
      <Issue TypeId="HtmlErrors" File="Heathrow.BIPM.Web\Views\Alerts\_EditAlertSettings.cshtml" Offset="7106-7107" Line="195" Message="Unexpected token" />
      <Issue TypeId="HtmlErrors" File="Heathrow.BIPM.Web\Views\Alerts\_EditAlertSettings.cshtml" Offset="7116-7117" Line="195" Message="Unexpected token" />
      <Issue TypeId="HtmlErrors" File="Heathrow.BIPM.Web\Views\Alerts\_EditAlertSettings.cshtml" Offset="7402-7403" Line="199" Message="Unexpected token" />
      <Issue TypeId="HtmlErrors" File="Heathrow.BIPM.Web\Views\Alerts\_EditAlertSettings.cshtml" Offset="7408-7409" Line="199" Message="Unexpected token" />
      <Issue TypeId="HtmlErrors" File="Heathrow.BIPM.Web\Views\Alerts\_EditAlertSettings.cshtml" Offset="7652-7653" Line="204" Message="Unexpected token" />
      <Issue TypeId="HtmlErrors" File="Heathrow.BIPM.Web\Views\Alerts\_EditAlertSettings.cshtml" Offset="7658-7659" Line="204" Message="Unexpected token" />
      <Issue TypeId="HtmlErrors" File="Heathrow.BIPM.Web\Views\Alerts\_EditAlertSettings.cshtml" Offset="7947-7948" Line="207" Message="Unexpected token" />
      <Issue TypeId="HtmlErrors" File="Heathrow.BIPM.Web\Views\Alerts\_EditAlertSettings.cshtml" Offset="7954-7955" Line="207" Message="Unexpected token" />
      <Issue TypeId="Mvc.ActionNotResolved" File="Heathrow.BIPM.Web\Views\AssignHomePage\AssignHomePage.cshtml" Offset="189-200" Line="5" Message="Cannot resolve action 'TodaysAlert'" />
      <Issue TypeId="Mvc.ActionNotResolved" File="Heathrow.BIPM.Web\Views\AssignHomePage\AssignHomePage.cshtml" Offset="438-456" Line="8" Message="Cannot resolve action 'TodaysNotification'" />
      <Issue TypeId="Mvc.ActionNotResolved" File="Heathrow.BIPM.Web\Views\AssignHomePage\AssignHomePage.cshtml" Offset="917-935" Line="14" Message="Cannot resolve action 'AssignHomePageView'" />
      <Issue TypeId="Mvc.ControllerNotResolved" File="Heathrow.BIPM.Web\Views\AssignHomePage\AssignHomePage.cshtml" Offset="938-952" Line="14" Message="Cannot resolve controller 'AssignHomePage'" />
      <Issue TypeId="Mvc.PartialViewNotResolved" File="Heathrow.BIPM.Web\Views\AssignHomePage\AssignHomePage.cshtml" Offset="1644-1659" Line="35" Message="Cannot resolve partial view '_AssignHomePage'" />
      <Issue TypeId="Mvc.ActionNotResolved" File="Heathrow.BIPM.Web\Views\AssignHomePage\_Index.cshtml" Offset="189-200" Line="5" Message="Cannot resolve action 'TodaysAlert'" />
      <Issue TypeId="Mvc.ActionNotResolved" File="Heathrow.BIPM.Web\Views\AssignHomePage\_Index.cshtml" Offset="438-456" Line="8" Message="Cannot resolve action 'TodaysNotification'" />
      <Issue TypeId="Mvc.ActionNotResolved" File="Heathrow.BIPM.Web\Views\AssignHomePage\_Index.cshtml" Offset="917-935" Line="14" Message="Cannot resolve action 'AssignHomePageView'" />
      <Issue TypeId="Mvc.ControllerNotResolved" File="Heathrow.BIPM.Web\Views\AssignHomePage\_Index.cshtml" Offset="938-952" Line="14" Message="Cannot resolve controller 'AssignHomePage'" />
      <Issue TypeId="CSharpErrors" File="Heathrow.BIPM.Web\Views\Desktop\Alerts\_NewAlert.cshtml" Offset="1362-1377" Line="30" Message="The type arguments cannot be inferred from the usage. Try specifying the type arguments explicitly.&#xA;Candidates are:&#xD;&#xA;  System.Web.Mvc.MvcHtmlString DropDownListFor&lt;AlertVM,TProperty&gt;(this System.Web.Mvc.HtmlHelper&lt;Heathrow.BIPM.Web.ViewModel.AlertVM&gt;, System.Linq.Expressions.Expression&lt;System.Func&lt;Heathrow.BIPM.Web.ViewModel.AlertVM,TProperty&gt;&gt;, System.Collections.Generic.IEnumerable&lt;System.Web.Mvc.SelectListItem&gt;, object) (in class SelectExtensions)&#xD;&#xA;  System.Web.Mvc.MvcHtmlString DropDownListFor&lt;AlertVM,TProperty&gt;(this System.Web.Mvc.HtmlHelper&lt;Heathrow.BIPM.Web.ViewModel.AlertVM&gt;, System.Linq.Expressions.Expression&lt;System.Func&lt;Heathrow.BIPM.Web.ViewModel.AlertVM,TProperty&gt;&gt;, System.Collections.Generic.IEnumerable&lt;System.Web.Mvc.SelectListItem&gt;, System.Collections.Generic.IDictionary&lt;string,object&gt;) (in class SelectExtensions)" />
      <Issue TypeId="CSharpErrors" File="Heathrow.BIPM.Web\Views\Desktop\Alerts\_NewAlert.cshtml" Offset="1389-1402" Line="30" Message="Cannot resolve symbol 'selectMeasure'" />
      <Issue TypeId="CSharpErrors" File="Heathrow.BIPM.Web\Views\Desktop\Alerts\_NewAlert.cshtml" Offset="1453-1464" Line="31" Message="Cannot resolve symbol 'measureName'" />
      <Issue TypeId="CSharpErrors" File="Heathrow.BIPM.Web\Views\Desktop\Alerts\_NewAlert.cshtml" Offset="3091-3106" Line="66" Message="The type arguments cannot be inferred from the usage. Try specifying the type arguments explicitly.&#xA;Candidates are:&#xD;&#xA;  System.Web.Mvc.MvcHtmlString DropDownListFor&lt;AlertVM,TProperty&gt;(this System.Web.Mvc.HtmlHelper&lt;Heathrow.BIPM.Web.ViewModel.AlertVM&gt;, System.Linq.Expressions.Expression&lt;System.Func&lt;Heathrow.BIPM.Web.ViewModel.AlertVM,TProperty&gt;&gt;, System.Collections.Generic.IEnumerable&lt;System.Web.Mvc.SelectListItem&gt;, object) (in class SelectExtensions)&#xD;&#xA;  System.Web.Mvc.MvcHtmlString DropDownListFor&lt;AlertVM,TProperty&gt;(this System.Web.Mvc.HtmlHelper&lt;Heathrow.BIPM.Web.ViewModel.AlertVM&gt;, System.Linq.Expressions.Expression&lt;System.Func&lt;Heathrow.BIPM.Web.ViewModel.AlertVM,TProperty&gt;&gt;, System.Collections.Generic.IEnumerable&lt;System.Web.Mvc.SelectListItem&gt;, System.Collections.Generic.IDictionary&lt;string,object&gt;) (in class SelectExtensions)" />
      <Issue TypeId="CSharpErrors" File="Heathrow.BIPM.Web\Views\Desktop\Alerts\_NewAlert.cshtml" Offset="3118-3132" Line="66" Message="Cannot resolve symbol 'selectAudience'" />
      <Issue TypeId="CSharpErrors" File="Heathrow.BIPM.Web\Views\Desktop\Alerts\_NewAlert.cshtml" Offset="3183-3196" Line="67" Message="Cannot resolve symbol 'audienceGroup'" />
      <Issue TypeId="CSharpErrors" File="Heathrow.BIPM.Web\Views\Desktop\Alerts\_NewAlert.cshtml" Offset="4044-4059" Line="85" Message="The type arguments cannot be inferred from the usage. Try specifying the type arguments explicitly.&#xA;Candidates are:&#xD;&#xA;  System.Web.Mvc.MvcHtmlString DropDownListFor&lt;AlertVM,TProperty&gt;(this System.Web.Mvc.HtmlHelper&lt;Heathrow.BIPM.Web.ViewModel.AlertVM&gt;, System.Linq.Expressions.Expression&lt;System.Func&lt;Heathrow.BIPM.Web.ViewModel.AlertVM,TProperty&gt;&gt;, System.Collections.Generic.IEnumerable&lt;System.Web.Mvc.SelectListItem&gt;, object) (in class SelectExtensions)&#xD;&#xA;  System.Web.Mvc.MvcHtmlString DropDownListFor&lt;AlertVM,TProperty&gt;(this System.Web.Mvc.HtmlHelper&lt;Heathrow.BIPM.Web.ViewModel.AlertVM&gt;, System.Linq.Expressions.Expression&lt;System.Func&lt;Heathrow.BIPM.Web.ViewModel.AlertVM,TProperty&gt;&gt;, System.Collections.Generic.IEnumerable&lt;System.Web.Mvc.SelectListItem&gt;, System.Collections.Generic.IDictionary&lt;string,object&gt;) (in class SelectExtensions)" />
      <Issue TypeId="CSharpErrors" File="Heathrow.BIPM.Web\Views\Desktop\Alerts\_NewAlert.cshtml" Offset="4071-4086" Line="85" Message="Cannot resolve symbol 'selectRecipient'" />
      <Issue TypeId="CSharpErrors" File="Heathrow.BIPM.Web\Views\Desktop\Alerts\_NewAlert.cshtml" Offset="4137-4147" Line="86" Message="Cannot resolve symbol 'recipients'" />
      <Issue TypeId="CSharpErrors" File="Heathrow.BIPM.Web\Views\Desktop\Alerts\_NewAlert.cshtml" Offset="5794-5809" Line="121" Message="The type arguments cannot be inferred from the usage. Try specifying the type arguments explicitly.&#xA;Candidates are:&#xD;&#xA;  System.Web.Mvc.MvcHtmlString DropDownListFor&lt;AlertVM,TProperty&gt;(this System.Web.Mvc.HtmlHelper&lt;Heathrow.BIPM.Web.ViewModel.AlertVM&gt;, System.Linq.Expressions.Expression&lt;System.Func&lt;Heathrow.BIPM.Web.ViewModel.AlertVM,TProperty&gt;&gt;, System.Collections.Generic.IEnumerable&lt;System.Web.Mvc.SelectListItem&gt;, object) (in class SelectExtensions)&#xD;&#xA;  System.Web.Mvc.MvcHtmlString DropDownListFor&lt;AlertVM,TProperty&gt;(this System.Web.Mvc.HtmlHelper&lt;Heathrow.BIPM.Web.ViewModel.AlertVM&gt;, System.Linq.Expressions.Expression&lt;System.Func&lt;Heathrow.BIPM.Web.ViewModel.AlertVM,TProperty&gt;&gt;, System.Collections.Generic.IEnumerable&lt;System.Web.Mvc.SelectListItem&gt;, System.Collections.Generic.IDictionary&lt;string,object&gt;) (in class SelectExtensions)" />
      <Issue TypeId="CSharpErrors" File="Heathrow.BIPM.Web\Views\Desktop\Alerts\_NewAlert.cshtml" Offset="5821-5832" Line="121" Message="Cannot resolve symbol 'selectTopic'" />
      <Issue TypeId="CSharpErrors" File="Heathrow.BIPM.Web\Views\Desktop\Alerts\_NewAlert.cshtml" Offset="6734-6744" Line="141" Message="The type arguments cannot be inferred from the usage. Try specifying the type arguments explicitly.&#xA;Candidates are:&#xD;&#xA;  System.Web.Mvc.MvcHtmlString ListBoxFor&lt;AlertVM,TProperty&gt;(this System.Web.Mvc.HtmlHelper&lt;Heathrow.BIPM.Web.ViewModel.AlertVM&gt;, System.Linq.Expressions.Expression&lt;System.Func&lt;Heathrow.BIPM.Web.ViewModel.AlertVM,TProperty&gt;&gt;, System.Collections.Generic.IEnumerable&lt;System.Web.Mvc.SelectListItem&gt;, object) (in class SelectExtensions)&#xD;&#xA;  System.Web.Mvc.MvcHtmlString ListBoxFor&lt;AlertVM,TProperty&gt;(this System.Web.Mvc.HtmlHelper&lt;Heathrow.BIPM.Web.ViewModel.AlertVM&gt;, System.Linq.Expressions.Expression&lt;System.Func&lt;Heathrow.BIPM.Web.ViewModel.AlertVM,TProperty&gt;&gt;, System.Collections.Generic.IEnumerable&lt;System.Web.Mvc.SelectListItem&gt;, System.Collections.Generic.IDictionary&lt;string,object&gt;) (in class SelectExtensions)" />
      <Issue TypeId="CSharpErrors" File="Heathrow.BIPM.Web\Views\Desktop\Alerts\_NewAlert.cshtml" Offset="6756-6770" Line="141" Message="Cannot resolve symbol 'selectLocation'" />
      <Issue TypeId="CSharpErrors" File="Heathrow.BIPM.Web\Views\Desktop\Alerts\_NewAlert.cshtml" Offset="7729-7744" Line="161" Message="The type arguments cannot be inferred from the usage. Try specifying the type arguments explicitly.&#xA;Candidates are:&#xD;&#xA;  System.Web.Mvc.MvcHtmlString DropDownListFor&lt;AlertVM,TProperty&gt;(this System.Web.Mvc.HtmlHelper&lt;Heathrow.BIPM.Web.ViewModel.AlertVM&gt;, System.Linq.Expressions.Expression&lt;System.Func&lt;Heathrow.BIPM.Web.ViewModel.AlertVM,TProperty&gt;&gt;, System.Collections.Generic.IEnumerable&lt;System.Web.Mvc.SelectListItem&gt;, object) (in class SelectExtensions)&#xD;&#xA;  System.Web.Mvc.MvcHtmlString DropDownListFor&lt;AlertVM,TProperty&gt;(this System.Web.Mvc.HtmlHelper&lt;Heathrow.BIPM.Web.ViewModel.AlertVM&gt;, System.Linq.Expressions.Expression&lt;System.Func&lt;Heathrow.BIPM.Web.ViewModel.AlertVM,TProperty&gt;&gt;, System.Collections.Generic.IEnumerable&lt;System.Web.Mvc.SelectListItem&gt;, System.Collections.Generic.IDictionary&lt;string,object&gt;) (in class SelectExtensions)" />
      <Issue TypeId="CSharpErrors" File="Heathrow.BIPM.Web\Views\Desktop\Alerts\_NewAlert.cshtml" Offset="7756-7771" Line="161" Message="Cannot resolve symbol 'selectThreshold'" />
      <Issue TypeId="CSharpErrors" File="Heathrow.BIPM.Web\Views\Desktop\Notifications\_ConfigurNotifications.cshtml" Offset="16-19" Line="1" Message="Cannot resolve symbol 'BPM'" />
      <Issue TypeId="CSharpErrors" File="Heathrow.BIPM.Web\Views\Desktop\Notifications\_ConfigurNotifications.cshtml" Offset="599-608" Line="14" Message="The type arguments for method 'MvcHtmlString System.Web.Mvc.Html.InputExtensions.HiddenFor&lt;TModel,TProperty&gt;(this HtmlHelper&lt;TModel&gt;, Expression&lt;Func&lt;TModel,TProperty&gt;&gt;)' cannot be inferred from the usage. Try specifying the type arguments explicitly." />
      <Issue TypeId="CSharpErrors" File="Heathrow.BIPM.Web\Views\Desktop\Notifications\_ConfigurNotifications.cshtml" Offset="719-729" Line="17" Message="The type arguments cannot be inferred from the usage. Try specifying the type arguments explicitly.&#xA;Candidates are:&#xD;&#xA;  System.Web.Mvc.MvcHtmlString TextBoxFor&lt;NotificationVM,TProperty&gt;(this System.Web.Mvc.HtmlHelper&lt;NotificationVM&gt;, System.Linq.Expressions.Expression&lt;System.Func&lt;NotificationVM,TProperty&gt;&gt;, object) (in class InputExtensions)&#xD;&#xA;  System.Web.Mvc.MvcHtmlString TextBoxFor&lt;NotificationVM,TProperty&gt;(this System.Web.Mvc.HtmlHelper&lt;NotificationVM&gt;, System.Linq.Expressions.Expression&lt;System.Func&lt;NotificationVM,TProperty&gt;&gt;, System.Collections.Generic.IDictionary&lt;string,object&gt;) (in class InputExtensions)" />
      <Issue TypeId="CSharpErrors" File="Heathrow.BIPM.Web\Views\Desktop\Notifications\_ConfigurNotifications.cshtml" Offset="1381-1396" Line="29" Message="The type arguments cannot be inferred from the usage. Try specifying the type arguments explicitly.&#xA;Candidates are:&#xD;&#xA;  System.Web.Mvc.MvcHtmlString DropDownListFor&lt;NotificationVM,TProperty&gt;(this System.Web.Mvc.HtmlHelper&lt;NotificationVM&gt;, System.Linq.Expressions.Expression&lt;System.Func&lt;NotificationVM,TProperty&gt;&gt;, System.Collections.Generic.IEnumerable&lt;System.Web.Mvc.SelectListItem&gt;, object) (in class SelectExtensions)&#xD;&#xA;  System.Web.Mvc.MvcHtmlString DropDownListFor&lt;NotificationVM,TProperty&gt;(this System.Web.Mvc.HtmlHelper&lt;NotificationVM&gt;, System.Linq.Expressions.Expression&lt;System.Func&lt;NotificationVM,TProperty&gt;&gt;, System.Collections.Generic.IEnumerable&lt;System.Web.Mvc.SelectListItem&gt;, System.Collections.Generic.IDictionary&lt;string,object&gt;) (in class SelectExtensions)" />
      <Issue TypeId="CSharpErrors" File="Heathrow.BIPM.Web\Views\Desktop\Notifications\_ConfigurNotifications.cshtml" Offset="1891-1906" Line="38" Message="The type arguments cannot be inferred from the usage. Try specifying the type arguments explicitly.&#xA;Candidates are:&#xD;&#xA;  System.Web.Mvc.MvcHtmlString DropDownListFor&lt;NotificationVM,TProperty&gt;(this System.Web.Mvc.HtmlHelper&lt;NotificationVM&gt;, System.Linq.Expressions.Expression&lt;System.Func&lt;NotificationVM,TProperty&gt;&gt;, System.Collections.Generic.IEnumerable&lt;System.Web.Mvc.SelectListItem&gt;, object) (in class SelectExtensions)&#xD;&#xA;  System.Web.Mvc.MvcHtmlString DropDownListFor&lt;NotificationVM,TProperty&gt;(this System.Web.Mvc.HtmlHelper&lt;NotificationVM&gt;, System.Linq.Expressions.Expression&lt;System.Func&lt;NotificationVM,TProperty&gt;&gt;, System.Collections.Generic.IEnumerable&lt;System.Web.Mvc.SelectListItem&gt;, System.Collections.Generic.IDictionary&lt;string,object&gt;) (in class SelectExtensions)" />
      <Issue TypeId="CSharpErrors" File="Heathrow.BIPM.Web\Views\Desktop\Notifications\_ConfigurNotifications.cshtml" Offset="2270-2285" Line="46" Message="The type arguments cannot be inferred from the usage. Try specifying the type arguments explicitly.&#xA;Candidates are:&#xD;&#xA;  System.Web.Mvc.MvcHtmlString DropDownListFor&lt;NotificationVM,TProperty&gt;(this System.Web.Mvc.HtmlHelper&lt;NotificationVM&gt;, System.Linq.Expressions.Expression&lt;System.Func&lt;NotificationVM,TProperty&gt;&gt;, System.Collections.Generic.IEnumerable&lt;System.Web.Mvc.SelectListItem&gt;, object) (in class SelectExtensions)&#xD;&#xA;  System.Web.Mvc.MvcHtmlString DropDownListFor&lt;NotificationVM,TProperty&gt;(this System.Web.Mvc.HtmlHelper&lt;NotificationVM&gt;, System.Linq.Expressions.Expression&lt;System.Func&lt;NotificationVM,TProperty&gt;&gt;, System.Collections.Generic.IEnumerable&lt;System.Web.Mvc.SelectListItem&gt;, System.Collections.Generic.IDictionary&lt;string,object&gt;) (in class SelectExtensions)" />
      <Issue TypeId="CSharpErrors" File="Heathrow.BIPM.Web\Views\Desktop\Notifications\_ConfigurNotifications.cshtml" Offset="2573-2583" Line="56" Message="The type arguments cannot be inferred from the usage. Try specifying the type arguments explicitly.&#xA;Candidates are:&#xD;&#xA;  System.Web.Mvc.MvcHtmlString ListBoxFor&lt;NotificationVM,TProperty&gt;(this System.Web.Mvc.HtmlHelper&lt;NotificationVM&gt;, System.Linq.Expressions.Expression&lt;System.Func&lt;NotificationVM,TProperty&gt;&gt;, System.Collections.Generic.IEnumerable&lt;System.Web.Mvc.SelectListItem&gt;, object) (in class SelectExtensions)&#xD;&#xA;  System.Web.Mvc.MvcHtmlString ListBoxFor&lt;NotificationVM,TProperty&gt;(this System.Web.Mvc.HtmlHelper&lt;NotificationVM&gt;, System.Linq.Expressions.Expression&lt;System.Func&lt;NotificationVM,TProperty&gt;&gt;, System.Collections.Generic.IEnumerable&lt;System.Web.Mvc.SelectListItem&gt;, System.Collections.Generic.IDictionary&lt;string,object&gt;) (in class SelectExtensions)" />
      <Issue TypeId="CSharpErrors" File="Heathrow.BIPM.Web\Views\Desktop\Notifications\_ConfigurNotifications.cshtml" Offset="3068-3078" Line="68" Message="The type arguments cannot be inferred from the usage. Try specifying the type arguments explicitly.&#xA;Candidates are:&#xD;&#xA;  System.Web.Mvc.MvcHtmlString TextBoxFor&lt;NotificationVM,TProperty&gt;(this System.Web.Mvc.HtmlHelper&lt;NotificationVM&gt;, System.Linq.Expressions.Expression&lt;System.Func&lt;NotificationVM,TProperty&gt;&gt;, object) (in class InputExtensions)&#xD;&#xA;  System.Web.Mvc.MvcHtmlString TextBoxFor&lt;NotificationVM,TProperty&gt;(this System.Web.Mvc.HtmlHelper&lt;NotificationVM&gt;, System.Linq.Expressions.Expression&lt;System.Func&lt;NotificationVM,TProperty&gt;&gt;, System.Collections.Generic.IDictionary&lt;string,object&gt;) (in class InputExtensions)" />
      <Issue TypeId="CSharpErrors" File="Heathrow.BIPM.Web\Views\Desktop\Notifications\_ConfigurNotifications.cshtml" Offset="3355-3365" Line="77" Message="The type arguments cannot be inferred from the usage. Try specifying the type arguments explicitly.&#xA;Candidates are:&#xD;&#xA;  System.Web.Mvc.MvcHtmlString TextBoxFor&lt;NotificationVM,TProperty&gt;(this System.Web.Mvc.HtmlHelper&lt;NotificationVM&gt;, System.Linq.Expressions.Expression&lt;System.Func&lt;NotificationVM,TProperty&gt;&gt;, object) (in class InputExtensions)&#xD;&#xA;  System.Web.Mvc.MvcHtmlString TextBoxFor&lt;NotificationVM,TProperty&gt;(this System.Web.Mvc.HtmlHelper&lt;NotificationVM&gt;, System.Linq.Expressions.Expression&lt;System.Func&lt;NotificationVM,TProperty&gt;&gt;, string) (in class InputExtensions)&#xD;&#xA;  System.Web.Mvc.MvcHtmlString TextBoxFor&lt;NotificationVM,TProperty&gt;(this System.Web.Mvc.HtmlHelper&lt;NotificationVM&gt;, System.Linq.Expressions.Expression&lt;System.Func&lt;NotificationVM,TProperty&gt;&gt;, System.Collections.Generic.IDictionary&lt;string,object&gt;) (in class InputExtensions)" />
      <Issue TypeId="CSharpErrors" File="Heathrow.BIPM.Web\Views\Desktop\Notifications\_ConfigurNotifications.cshtml" Offset="3798-3808" Line="86" Message="The type arguments cannot be inferred from the usage. Try specifying the type arguments explicitly.&#xA;Candidates are:&#xD;&#xA;  System.Web.Mvc.MvcHtmlString TextBoxFor&lt;NotificationVM,TProperty&gt;(this System.Web.Mvc.HtmlHelper&lt;NotificationVM&gt;, System.Linq.Expressions.Expression&lt;System.Func&lt;NotificationVM,TProperty&gt;&gt;, object) (in class InputExtensions)&#xD;&#xA;  System.Web.Mvc.MvcHtmlString TextBoxFor&lt;NotificationVM,TProperty&gt;(this System.Web.Mvc.HtmlHelper&lt;NotificationVM&gt;, System.Linq.Expressions.Expression&lt;System.Func&lt;NotificationVM,TProperty&gt;&gt;, string) (in class InputExtensions)&#xD;&#xA;  System.Web.Mvc.MvcHtmlString TextBoxFor&lt;NotificationVM,TProperty&gt;(this System.Web.Mvc.HtmlHelper&lt;NotificationVM&gt;, System.Linq.Expressions.Expression&lt;System.Func&lt;NotificationVM,TProperty&gt;&gt;, System.Collections.Generic.IDictionary&lt;string,object&gt;) (in class InputExtensions)" />
      <Issue TypeId="CSharpErrors" File="Heathrow.BIPM.Web\Views\Desktop\Notifications\_ConfigurNotifications.cshtml" Offset="4224-4234" Line="95" Message="The type arguments cannot be inferred from the usage. Try specifying the type arguments explicitly.&#xA;Candidates are:&#xD;&#xA;  System.Web.Mvc.MvcHtmlString TextBoxFor&lt;NotificationVM,TProperty&gt;(this System.Web.Mvc.HtmlHelper&lt;NotificationVM&gt;, System.Linq.Expressions.Expression&lt;System.Func&lt;NotificationVM,TProperty&gt;&gt;, object) (in class InputExtensions)&#xD;&#xA;  System.Web.Mvc.MvcHtmlString TextBoxFor&lt;NotificationVM,TProperty&gt;(this System.Web.Mvc.HtmlHelper&lt;NotificationVM&gt;, System.Linq.Expressions.Expression&lt;System.Func&lt;NotificationVM,TProperty&gt;&gt;, System.Collections.Generic.IDictionary&lt;string,object&gt;) (in class InputExtensions)" />
      <Issue TypeId="CSharpErrors" File="Heathrow.BIPM.Web\Views\Desktop\Notifications\_ConfigurNotifications.cshtml" Offset="4661-4671" Line="103" Message="The type arguments cannot be inferred from the usage. Try specifying the type arguments explicitly.&#xA;Candidates are:&#xD;&#xA;  System.Web.Mvc.MvcHtmlString TextBoxFor&lt;NotificationVM,TProperty&gt;(this System.Web.Mvc.HtmlHelper&lt;NotificationVM&gt;, System.Linq.Expressions.Expression&lt;System.Func&lt;NotificationVM,TProperty&gt;&gt;, object) (in class InputExtensions)&#xD;&#xA;  System.Web.Mvc.MvcHtmlString TextBoxFor&lt;NotificationVM,TProperty&gt;(this System.Web.Mvc.HtmlHelper&lt;NotificationVM&gt;, System.Linq.Expressions.Expression&lt;System.Func&lt;NotificationVM,TProperty&gt;&gt;, System.Collections.Generic.IDictionary&lt;string,object&gt;) (in class InputExtensions)" />
      <Issue TypeId="CSharpErrors" File="Heathrow.BIPM.Web\Views\Desktop\Notifications\_ConfigurNotifications.cshtml" Offset="5083-5093" Line="111" Message="The type arguments cannot be inferred from the usage. Try specifying the type arguments explicitly.&#xA;Candidates are:&#xD;&#xA;  System.Web.Mvc.MvcHtmlString TextBoxFor&lt;NotificationVM,TProperty&gt;(this System.Web.Mvc.HtmlHelper&lt;NotificationVM&gt;, System.Linq.Expressions.Expression&lt;System.Func&lt;NotificationVM,TProperty&gt;&gt;, object) (in class InputExtensions)&#xD;&#xA;  System.Web.Mvc.MvcHtmlString TextBoxFor&lt;NotificationVM,TProperty&gt;(this System.Web.Mvc.HtmlHelper&lt;NotificationVM&gt;, System.Linq.Expressions.Expression&lt;System.Func&lt;NotificationVM,TProperty&gt;&gt;, System.Collections.Generic.IDictionary&lt;string,object&gt;) (in class InputExtensions)" />
      <Issue TypeId="CSharpErrors" File="Heathrow.BIPM.Web\Views\Desktop\Notifications\_ConfigurNotifications.cshtml" Offset="5529-5539" Line="119" Message="The type arguments cannot be inferred from the usage. Try specifying the type arguments explicitly.&#xA;Candidates are:&#xD;&#xA;  System.Web.Mvc.MvcHtmlString TextBoxFor&lt;NotificationVM,TProperty&gt;(this System.Web.Mvc.HtmlHelper&lt;NotificationVM&gt;, System.Linq.Expressions.Expression&lt;System.Func&lt;NotificationVM,TProperty&gt;&gt;, object) (in class InputExtensions)&#xD;&#xA;  System.Web.Mvc.MvcHtmlString TextBoxFor&lt;NotificationVM,TProperty&gt;(this System.Web.Mvc.HtmlHelper&lt;NotificationVM&gt;, System.Linq.Expressions.Expression&lt;System.Func&lt;NotificationVM,TProperty&gt;&gt;, System.Collections.Generic.IDictionary&lt;string,object&gt;) (in class InputExtensions)" />
      <Issue TypeId="HtmlErrors" File="Heathrow.BIPM.Web\Views\Desktop\Notifications\_ConfigurNotifications.cshtml" Offset="5978-5979" Line="128" Message="Unexpected token" />
      <Issue TypeId="HtmlErrors" File="Heathrow.BIPM.Web\Views\Desktop\Notifications\_ConfigurNotifications.cshtml" Offset="5986-5987" Line="128" Message="Unexpected token" />
      <Issue TypeId="HtmlErrors" File="Heathrow.BIPM.Web\Views\Desktop\Notifications\_ConfigurNotifications.cshtml" Offset="6243-6244" Line="133" Message="Unexpected token" />
      <Issue TypeId="HtmlErrors" File="Heathrow.BIPM.Web\Views\Desktop\Notifications\_ConfigurNotifications.cshtml" Offset="6253-6254" Line="133" Message="Unexpected token" />
      <Issue TypeId="HtmlErrors" File="Heathrow.BIPM.Web\Views\Desktop\Notifications\_ConfigurNotifications.cshtml" Offset="6449-6450" Line="134" Message="Unexpected token" />
      <Issue TypeId="HtmlErrors" File="Heathrow.BIPM.Web\Views\Desktop\Notifications\_ConfigurNotifications.cshtml" Offset="6455-6456" Line="134" Message="Unexpected token" />
      <Issue TypeId="HtmlErrors" File="Heathrow.BIPM.Web\Views\Desktop\Notifications\_ConfigurNotifications.cshtml" Offset="6644-6645" Line="135" Message="Unexpected token" />
      <Issue TypeId="HtmlErrors" File="Heathrow.BIPM.Web\Views\Desktop\Notifications\_ConfigurNotifications.cshtml" Offset="6651-6652" Line="135" Message="Unexpected token" />
      <Issue TypeId="CSharpErrors" File="Heathrow.BIPM.Web\Views\Desktop\Notifications\_NewNotification.cshtml" Offset="2067-2077" Line="45" Message="The type arguments cannot be inferred from the usage. Try specifying the type arguments explicitly.&#xA;Candidates are:&#xD;&#xA;  System.Web.Mvc.MvcHtmlString TextBoxFor&lt;NotificationVM,TProperty&gt;(this System.Web.Mvc.HtmlHelper&lt;Heathrow.BIPM.Web.ViewModel.NotificationVM&gt;, System.Linq.Expressions.Expression&lt;System.Func&lt;Heathrow.BIPM.Web.ViewModel.NotificationVM,TProperty&gt;&gt;, object) (in class InputExtensions)&#xD;&#xA;  System.Web.Mvc.MvcHtmlString TextBoxFor&lt;NotificationVM,TProperty&gt;(this System.Web.Mvc.HtmlHelper&lt;Heathrow.BIPM.Web.ViewModel.NotificationVM&gt;, System.Linq.Expressions.Expression&lt;System.Func&lt;Heathrow.BIPM.Web.ViewModel.NotificationVM,TProperty&gt;&gt;, System.Collections.Generic.IDictionary&lt;string,object&gt;) (in class InputExtensions)" />
      <Issue TypeId="CSharpErrors" File="Heathrow.BIPM.Web\Views\Desktop\Notifications\_NewNotification.cshtml" Offset="2085-2088" Line="45" Message="Cannot resolve symbol 'URL'" />
      <Issue TypeId="CSharpErrors" File="Heathrow.BIPM.Web\Views\Desktop\Notifications\_NewNotification.cshtml" Offset="2833-2848" Line="64" Message="The type arguments cannot be inferred from the usage. Try specifying the type arguments explicitly.&#xA;Candidates are:&#xD;&#xA;  System.Web.Mvc.MvcHtmlString DropDownListFor&lt;NotificationVM,TProperty&gt;(this System.Web.Mvc.HtmlHelper&lt;Heathrow.BIPM.Web.ViewModel.NotificationVM&gt;, System.Linq.Expressions.Expression&lt;System.Func&lt;Heathrow.BIPM.Web.ViewModel.NotificationVM,TProperty&gt;&gt;, System.Collections.Generic.IEnumerable&lt;System.Web.Mvc.SelectListItem&gt;, string, object) (in class SelectExtensions)&#xD;&#xA;  System.Web.Mvc.MvcHtmlString DropDownListFor&lt;NotificationVM,TProperty&gt;(this System.Web.Mvc.HtmlHelper&lt;Heathrow.BIPM.Web.ViewModel.NotificationVM&gt;, System.Linq.Expressions.Expression&lt;System.Func&lt;Heathrow.BIPM.Web.ViewModel.NotificationVM,TProperty&gt;&gt;, System.Collections.Generic.IEnumerable&lt;System.Web.Mvc.SelectListItem&gt;, string, System.Collections.Generic.IDictionary&lt;string,object&gt;) (in class SelectExtensions)" />
      <Issue TypeId="CSharpErrors" File="Heathrow.BIPM.Web\Views\Desktop\Notifications\_NewNotification.cshtml" Offset="2860-2876" Line="64" Message="Cannot resolve symbol 'selectedAudience'" />
      <Issue TypeId="CSharpErrors" File="Heathrow.BIPM.Web\Views\Desktop\Notifications\_NewNotification.cshtml" Offset="2906-2922" Line="65" Message="Cannot resolve symbol 'audienceGroupEnt'" />
      <Issue TypeId="CSharpErrors" File="Heathrow.BIPM.Web\Views\Desktop\Notifications\_NewNotification.cshtml" Offset="3619-3634" Line="82" Message="The type arguments cannot be inferred from the usage. Try specifying the type arguments explicitly.&#xA;Candidates are:&#xD;&#xA;  System.Web.Mvc.MvcHtmlString DropDownListFor&lt;NotificationVM,TProperty&gt;(this System.Web.Mvc.HtmlHelper&lt;Heathrow.BIPM.Web.ViewModel.NotificationVM&gt;, System.Linq.Expressions.Expression&lt;System.Func&lt;Heathrow.BIPM.Web.ViewModel.NotificationVM,TProperty&gt;&gt;, System.Collections.Generic.IEnumerable&lt;System.Web.Mvc.SelectListItem&gt;, string, object) (in class SelectExtensions)&#xD;&#xA;  System.Web.Mvc.MvcHtmlString DropDownListFor&lt;NotificationVM,TProperty&gt;(this System.Web.Mvc.HtmlHelper&lt;Heathrow.BIPM.Web.ViewModel.NotificationVM&gt;, System.Linq.Expressions.Expression&lt;System.Func&lt;Heathrow.BIPM.Web.ViewModel.NotificationVM,TProperty&gt;&gt;, System.Collections.Generic.IEnumerable&lt;System.Web.Mvc.SelectListItem&gt;, string, System.Collections.Generic.IDictionary&lt;string,object&gt;) (in class SelectExtensions)" />
      <Issue TypeId="CSharpErrors" File="Heathrow.BIPM.Web\Views\Desktop\Notifications\_NewNotification.cshtml" Offset="3646-3663" Line="82" Message="Cannot resolve symbol 'selectedRecipient'" />
      <Issue TypeId="CSharpErrors" File="Heathrow.BIPM.Web\Views\Desktop\Notifications\_NewNotification.cshtml" Offset="3693-3706" Line="83" Message="Cannot resolve symbol 'recipientsEnt'" />
      <Issue TypeId="CSharpErrors" File="Heathrow.BIPM.Web\Views\Desktop\Notifications\_NewNotification.cshtml" Offset="4468-4476" Line="101" Message="Cannot resolve symbol 'topicEnt'" />
      <Issue TypeId="CSharpErrors" File="Heathrow.BIPM.Web\Views\Desktop\Notifications\_NewNotification.cshtml" Offset="5177-5187" Line="119" Message="The type arguments cannot be inferred from the usage. Try specifying the type arguments explicitly.&#xA;Candidates are:&#xD;&#xA;  System.Web.Mvc.MvcHtmlString ListBoxFor&lt;NotificationVM,TProperty&gt;(this System.Web.Mvc.HtmlHelper&lt;Heathrow.BIPM.Web.ViewModel.NotificationVM&gt;, System.Linq.Expressions.Expression&lt;System.Func&lt;Heathrow.BIPM.Web.ViewModel.NotificationVM,TProperty&gt;&gt;, System.Collections.Generic.IEnumerable&lt;System.Web.Mvc.SelectListItem&gt;, object) (in class SelectExtensions)&#xD;&#xA;  System.Web.Mvc.MvcHtmlString ListBoxFor&lt;NotificationVM,TProperty&gt;(this System.Web.Mvc.HtmlHelper&lt;Heathrow.BIPM.Web.ViewModel.NotificationVM&gt;, System.Linq.Expressions.Expression&lt;System.Func&lt;Heathrow.BIPM.Web.ViewModel.NotificationVM,TProperty&gt;&gt;, System.Collections.Generic.IEnumerable&lt;System.Web.Mvc.SelectListItem&gt;, System.Collections.Generic.IDictionary&lt;string,object&gt;) (in class SelectExtensions)" />
      <Issue TypeId="CSharpErrors" File="Heathrow.BIPM.Web\Views\Desktop\Notifications\_NewNotification.cshtml" Offset="5199-5213" Line="119" Message="Cannot resolve symbol 'selectLocation'" />
      <Issue TypeId="CSharpErrors" File="Heathrow.BIPM.Web\Views\Desktop\Notifications\_NewNotification.cshtml" Offset="5246-5257" Line="120" Message="Cannot resolve symbol 'locationEnt'" />
      <Issue TypeId="Mvc.PartialViewNotResolved" File="Heathrow.BIPM.Web\Views\Desktop\Shared\_LeftSideNavBar.cshtml" Offset="11239-11245" Line="238" Message="Cannot resolve partial view '_Notes'" />
      <Issue TypeId="Mvc.PartialViewNotResolved" File="Heathrow.BIPM.Web\Views\Desktop\Shared\_LeftSideNavBar.cshtml" Offset="11343-11350" Line="241" Message="Cannot resolve partial view '_Filter'" />
      <Issue TypeId="Mvc.PartialViewNotResolved" File="Heathrow.BIPM.Web\Views\Desktop\Shared\_LeftSideNavBar.cshtml" Offset="11466-11472" Line="245" Message="Cannot resolve partial view '_Share'" />
      <Issue TypeId="HtmlErrors" File="Heathrow.BIPM.Web\Views\Notifications\_EditNotificationConfigure.cshtml" Offset="5742-5743" Line="154" Message="Unexpected token" />
      <Issue TypeId="HtmlErrors" File="Heathrow.BIPM.Web\Views\Notifications\_EditNotificationConfigure.cshtml" Offset="5750-5751" Line="154" Message="Unexpected token" />
      <Issue TypeId="HtmlErrors" File="Heathrow.BIPM.Web\Views\Notifications\_EditNotificationConfigure.cshtml" Offset="6329-6330" Line="164" Message="Unexpected token" />
      <Issue TypeId="HtmlErrors" File="Heathrow.BIPM.Web\Views\Notifications\_EditNotificationConfigure.cshtml" Offset="6339-6340" Line="164" Message="Unexpected token" />
      <Issue TypeId="HtmlErrors" File="Heathrow.BIPM.Web\Views\Notifications\_EditNotificationConfigure.cshtml" Offset="6551-6552" Line="165" Message="Unexpected token" />
      <Issue TypeId="HtmlErrors" File="Heathrow.BIPM.Web\Views\Notifications\_EditNotificationConfigure.cshtml" Offset="6557-6558" Line="165" Message="Unexpected token" />
      <Issue TypeId="HtmlErrors" File="Heathrow.BIPM.Web\Views\Notifications\_EditNotificationConfigure.cshtml" Offset="6760-6761" Line="166" Message="Unexpected token" />
      <Issue TypeId="HtmlErrors" File="Heathrow.BIPM.Web\Views\Notifications\_EditNotificationConfigure.cshtml" Offset="6767-6768" Line="166" Message="Unexpected token" />
      <Issue TypeId="HtmlErrors" File="Heathrow.BIPM.Web\Views\Notifications\_EditNotificationSetting.cshtml" Offset="3575-3576" Line="93" Message="Unexpected token" />
      <Issue TypeId="HtmlErrors" File="Heathrow.BIPM.Web\Views\Notifications\_EditNotificationSetting.cshtml" Offset="3585-3586" Line="93" Message="Unexpected token" />
      <Issue TypeId="HtmlErrors" File="Heathrow.BIPM.Web\Views\Notifications\_EditNotificationSetting.cshtml" Offset="3836-3837" Line="97" Message="Unexpected token" />
      <Issue TypeId="HtmlErrors" File="Heathrow.BIPM.Web\Views\Notifications\_EditNotificationSetting.cshtml" Offset="3846-3847" Line="97" Message="Unexpected token" />
      <Issue TypeId="HtmlErrors" File="Heathrow.BIPM.Web\Views\Notifications\_EditNotificationSetting.cshtml" Offset="4202-4203" Line="103" Message="Unexpected token" />
      <Issue TypeId="HtmlErrors" File="Heathrow.BIPM.Web\Views\Notifications\_EditNotificationSetting.cshtml" Offset="4208-4209" Line="103" Message="Unexpected token" />
      <Issue TypeId="HtmlErrors" File="Heathrow.BIPM.Web\Views\Notifications\_EditNotificationSetting.cshtml" Offset="4452-4453" Line="108" Message="Unexpected token" />
      <Issue TypeId="HtmlErrors" File="Heathrow.BIPM.Web\Views\Notifications\_EditNotificationSetting.cshtml" Offset="4458-4459" Line="108" Message="Unexpected token" />
      <Issue TypeId="HtmlErrors" File="Heathrow.BIPM.Web\Views\Notifications\_EditNotificationSetting.cshtml" Offset="4691-4692" Line="111" Message="Unexpected token" />
      <Issue TypeId="HtmlErrors" File="Heathrow.BIPM.Web\Views\Notifications\_EditNotificationSetting.cshtml" Offset="4698-4699" Line="111" Message="Unexpected token" />
    </Project>
  </Issues>
</Report>